Fecha;Dias_Transcurridos;Peso;Grasa %;Musculo %;BMI;Grasa visceral;Metabolismo;Agua
2023-06-28;1;78.9;24.6;56.7;26.7;12.0;1692.0;53.7
2023-07-06;9;77.8;24.6;55.8;26.3;12.0;1662.0;53.5
2023-07-09;12;77.7;24.2;56.1;26.3;11.5;1672.0;53.8
2023-07-14;17;77.3;23.9;56.1;26.1;11.5;1670.0;54.0
2023-07-16;19;77.5;24.1;56.0;26.2;11.5;1669.0;53.9
2023-07-17;20;77.9;24.0;56.5;26.3;11.5;1684.0;54.0
2023-07-22;25;76.7;24.0;55.3;25.9;11.5;1647.0;53.8
2023-07-25;28;76.9;24.2;55.4;26.0;12.0;1649.0;53.9
2023-07-26;29;76.8;23.8;55.7;26.0;11.5;1657.0;53.9
2023-07-28;31;76.8;23.8;55.7;26.0;11.5;1657.0;53.9
2023-07-29;32;76.7;24.0;55.3;25.9;11.5;1647.0;53.7
2023-07-30;33;76.1;23.7;55.2;25.7;11.5;1642.0;53.9
2023-07-31;34;76.4;23.4;55.8;25.8;11.0;1660.0;54.3
2023-08-01;35;76.3;23.5;55.5;25.8;11.0;1652.0;54.1
2023-08-02;36;76.0;23.4;55.4;25.7;11.0;1648.0;54.2
2023-08-03;37;74.9;22.8;55.0;25.3;10.5;1634.0;54.4
2023-08-04;38;73.6;22.1;54.5;24.9;10.0;1616.0;54.7
2023-08-05;39;72.7;21.4;54.3;24.6;9.5;1611.0;55.1
2023-08-06;40;74.3;22.3;54.9;25.1;10.0;1632.0;54.7
2023-08-07;41;74.1;21.5;55.6;25.0;9.5;1648.0;55.3
2023-08-11;45;75.2;23.4;54.6;25.4;11.0;1623.0;54.0
2023-08-13;47;75.0;23.2;54.6;25.4;11.0;1624.0;54.1
2023-08-16;50;75.9;22.7;56.0;25.7;10.5;1665.0;54.7
2023-08-18;52;75.1;22.8;55.2;25.4;10.5;1639.0;54.4
2023-08-19;53;74.8;22.6;55.1;25.3;10.5;1637.0;54.5
2023-08-20;54;75.2;22.8;55.3;25.4;10.75;1643.0;54.5
2023-08-21;55;75.2;23.2;54.8;25.4;11.0;1629.0;54.1
2023-08-22;56;75.5;23.2;55.2;25.5;11.0;1640.0;54.2
2023-08-23;57;75.8;23.3;55.3;25.6;11.0;1645.0;54.2
2023-08-26;60;74.6;22.8;54.7;25.2;10.5;1625.0;54.3
2023-08-28;62;74.9;22.8;54.9;25.3;10.5;1632.0;54.4
2023-08-29;63;74.8;23.1;54.5;25.3;11.0;1620.0;54.1
2023-08-30;64;74.8;23.1;54.5;25.3;11.0;1620.0;54.1
2023-08-31;65;74.9;23.0;54.8;25.3;11.0;1627.0;54.2
2023-09-01;66;74.5;22.8;54.6;25.2;10.5;1623.0;54.3
2023-09-02;67;74.3;22.8;54.4;25.1;10.5;1617.0;54.3
2023-09-03;68;74.5;22.4;55.0;25.2;10.0;1634.0;54.6
2023-09-07;72;73.7;22.6;54.0;24.9;10.5;1605.0;54.3
2023-09-08;73;73.8;22.3;54.6;24.9;10.0;1619.0;54.7
2023-09-09;74;73.7;22.3;54.8;25.0;10.0;1626.5;54.7
2023-09-10;75;74.4;22.3;55.0;25.1;10.0;1634.0;54.7
2023-09-13;78;74.1;22.5;54.5;25.0;10.5;1618.0;54.4
2023-09-16;81;73.3;22.2;54.1;24.8;10.0;1606.0;54.6
2023-09-18;83;73.5;22.4;54.0;24.8;10.5;1603.0;54.4
2023-09-19;84;73.5;22.3;54.1;24.8;10.5;1607.0;54.5
2023-09-20;85;73.9;22.2;54.7;25.0;10.0;1624.0;54.7
2023-09-21;86;73.3;22.2;54.1;24.8;10.0;1606.0;54.6
2023-09-22;87;73.0;21.7;54.3;24.7;9.5;1611.0;54.9
2023-09-23;88;72.5;21.3;54.3;24.5;9.5;1609.0;55.2
2023-09-25;90;73.5;22.0;54.5;24.8;10.0;1618.0;54.8
2023-09-26;91;73.2;21.9;54.3;24.7;10.0;1612.0;54.8
2023-09-27;92;73.1;21.7;54.4;24.6;9.5;1614.0;54.9
2023-09-28;93;72.7;21.7;54.0;24.6;10.0;1601.0;54.8
2023-09-29;94;73.4;21.7;54.7;24.8;9.5;1620.0;55.0
2023-10-01;96;73.7;21.6;55.1;24.9;9.5;1630.0;55.1
2023-10-02;97;73.8;22.1;54.6;24.9;10.0;1619.0;54.7
2023-10-03;98;74.0;22.1;54.9;25.0;10.0;1625.0;54.8
2023-10-04;99;72.9;22.0;53.8;24.6;10.0;1594.0;54.6
2023-10-05;100;72.9;22.0;53.9;24.6;10.0;1595.0;54.6
2023-10-07;102;72.9;22.2;53.6;24.6;10.5;1589.0;54.5
2023-10-08;103;74.2;22.4;54.7;25.1;10.5;1622.0;54.6
2023-10-09;104;74.1;22.4;54.6;25.0;10.5;1619.0;54.6
2023-10-10;105;73.8;22.1;54.7;24.9;10.3;1620.0;54.8
2023-10-12;107;73.0;21.2;54.5;24.1;9.5;1611.0;54.9
2023-10-13;108;73.4;21.0;55.0;24.2;9.5;1622.0;55.1
2023-10-14;109;73.8;21.2;55.2;24.4;9.5;1633.0;55.0
2023-10-17;112;73.1;21.0;54.8;24.1;9.5;1619.0;55.0
